ACCOUNT,MARGIN,TRANSMIT,HOST,PORT,CSV_PATH,DISCORD_ID,CUSTOMER_NAME
U11990028,1.4532,True,127.0.0.1,7435,/app/downloads/s2prox,806261755562557450,12wan
U10792782,1.4532,True,127.0.0.1,7435,/app/downloads/s2prox,806261755562557450,taoli30wan
U10668507,1.4532,True,127.0.0.1,7435,/app/downloads/s2prox,806261755562557450,taoli30wan
U10865728,1.4532,True,127.0.0.1,7435,/app/downloads/s2prox,806261755562557450,5782_X80_30
U10812525,1.4532,True,127.0.0.1,7435,/app/downloads/s2prox,806261755562557450,2525_Prox7_30
U11968219,1.4532,True,127.0.0.1,7196,/app/downloads/s2prox,806261755562557450,wx_mot