ACCOUNT,MARGIN,TRANSMIT,HOST,PORT,CSV_PATH,DISCORD_ID,CUSTOMER_NAME,SYMBOL
U10668507,0.95,True,127.0.0.1,7496,/app/downloads/s2prox,806261755562557450,wenxiang_x100,TQQQ
U10668507,0.95,True,127.0.0.1,7496,/app/downloads/s2prox,806261755562557450,wenxiang_x100,SQQQ
U10668507,0.95,True,127.0.0.1,7496,/app/downloads/s2prox,806261755562557450,wenxiang_x100,YINN
U10668507,0.95,True,127.0.0.1,7496,/app/downloads/s2prox,806261755562557450,wenxiang_x100,CWEB
U10668507,0.95,True,127.0.0.1,7496,/app/downloads/s2prox,806261755562557450,wenxiang_x100,YANG
U10668507,0.95,True,127.0.0.1,7496,/app/downloads/s2prox,806261755562557450,wenxiang_x100,TNA
U10668507,0.95,True,127.0.0.1,7496,/app/downloads/s2prox,806261755562557450,wenxiang_x100,SVIX
U10668507,0.95,True,127.0.0.1,7496,/app/downloads/s2prox,806261755562557450,wenxiang_x100,UVXY