ACCOUNT,MARGIN,TRANSMIT,HOST,PORT,CSV_PATH,DISCORD_ID,CUSTOMER_NAME
U11990028,0.8,True,127.0.0.1,7435,/app/downloads/s2prox/S2Prox100.csv,806261755562557450,0028_X80_12
U10865728,0.0,True,127.0.0.1,7435,/app/downloads/s2prox/S2Prox100.csv,806261755562557450,5782_X80_30
U10812525,0.0,True,127.0.0.1,7435,/app/downloads/s2prox/S2Prox100.csv,806261755562557450,2525_X80_30
U10792782,0.0,True,127.0.0.1,7435,/app/downloads/s2prox/S2Proxdata.csv,806261755562557450,8189_prox7_30
U10668507,0.0,True,127.0.0.1,7435,/app/downloads/s2prox/S2Proxdata.csv,806261755562557450,8189_prox7_30