ACCOUNT,MARGIN,TRANSMIT,HOST,PORT,CSV_PATH,DISCORD_ID,CUSTOMER_NAME,SYMBOL
U11990028,6,True,127.0.0.1,7435,/app/downloads/s2prox,806261755562557450,wenxiang_pro7,TQQQ
U11990028,6,True,127.0.0.1,7435,/app/downloads/s2prox,806261755562557450,wenxiang_pro7,SQQQ
U11988189,6,True,127.0.0.1,7435,/app/downloads/s2prox,806261755562557450,wenxiang_pro7,TQQQ
U11988189,6,True,127.0.0.1,7435,/app/downloads/s2prox,806261755562557450,wenxiang_pro7,SQQQ


U11990028,6,True,127.0.0.1,7435,/app/downloads/s2prox,806261755562557450,wenxiang_pro7,SQQQ