ACCOUNT,MARGIN,TRANSMIT,HOST,PORT,CSV_PATH,DISCORD_ID,CUSTOMER_NAME
U10865728,0.8,True,127.0.0.1,7435,/app/downloads/s2prox/S2Prox100.csv,806261755562557450,5782_X80_30
U10812525,1.0,True,127.0.0.1,7435,/app/downloads/s2prox/S2Proxdata.csv,806261755562557450,2525_Prox7_30
U10809303,0.5,true,127.0.0.1,7435,/app/downloads/s2prox,806261755562557450,TSLL
U11988189,0.2,true,127.0.0.1,7435,/app/downloads/s2prox,806261755562557450,SOXL
U11990028,0.2,True,127.0.0.1,7435,/app/downloads/s2prox,806261755562557450,12wan
U10792782,0.2,True,127.0.0.1,7497,/app/downloads/s2prox,806261755562557450,taoli30
U10668507,0.2,True,127.0.0.1,7496,/app/downloads/s2prox,806261755562557450,taoli30
U11968219,0.2,True,127.0.0.1,7196,/app/downloads/s2prox,806261755562557450,wx_mot